,year,month,genre,number_movie,t_use,share
0,2018-01-01,9,액션,"2,106",1487260,24.8
1,2018-01-01,9,드라마,"3,774",970147,16.2
2,2018-01-01,9,애니메이션,"1,047",750333,12.5
3,2018-01-01,9,판타지,166,595012,9.9
4,2018-01-01,9,멜로/로맨스,"2,165",416129,6.9
5,2018-01-01,9,스릴러,671,367123,6.1
6,2018-01-01,9,범죄,474,285390,4.8
7,2018-01-01,9,코미디,"1,384",266574,4.5
8,2018-01-01,9,미스터리,222,222760,3.7
9,2018-01-01,9,공포(호러),957,185228,3.1
10,2018-01-01,9,SF,424,173034,2.9
11,2018-01-01,9,사극,95,67310,1.1
12,2018-01-01,9,뮤지컬,45,62075,1.0
13,2018-01-01,9,어드벤처,185,35602,0.6
14,2018-01-01,9,기타,532,24823,0.4
15,2018-01-01,9,가족,116,24697,0.4
16,2018-01-01,9,다큐멘터리,505,22529,0.4
17,2018-01-01,9,전쟁,142,18381,0.3
18,2018-01-01,9,성인물(에로),906,17016,0.3
19,2018-01-01,9,서부극(웨스턴),56,2817,0.1
20,2018-01-01,9,공연,23,529,0.0
21,2018-01-01,7,액션,"2,084",1925737,30.2
22,2018-01-01,7,드라마,"3,710",810969,12.7
23,2018-01-01,7,애니메이션,"1,041",726559,11.4
24,2018-01-01,7,범죄,464,711206,11.1
25,2018-01-01,7,코미디,"1,425",603230,9.5
26,2018-01-01,7,멜로/로맨스,"2,049",363623,5.7
27,2018-01-01,7,미스터리,223,303640,4.8
28,2018-01-01,7,공포(호러),918,257920,4.0
29,2018-01-01,7,판타지,166,163244,2.6
30,2018-01-01,7,스릴러,657,124157,2.0
31,2018-01-01,7,SF,417,105328,1.7
32,2018-01-01,7,사극,94,64542,1.0
33,2018-01-01,7,어드벤처,187,58028,0.9
34,2018-01-01,7,전쟁,139,39546,0.6
35,2018-01-01,7,다큐멘터리,460,35991,0.6
36,2018-01-01,7,가족,118,33570,0.5
37,2018-01-01,7,기타,519,26398,0.4
38,2018-01-01,7,성인물(에로),850,20910,0.3
39,2018-01-01,7,뮤지컬,40,3408,0.1
40,2018-01-01,7,서부극(웨스턴),55,2905,0.1
41,2018-01-01,7,공연,17,574,0.0
42,2018-01-01,12,액션,"2,169",1724675,24.0
43,2018-01-01,12,드라마,"3,771",1442865,20.1
44,2018-01-01,12,범죄,477,941095,13.1
45,2018-01-01,12,애니메이션,"1,076",724046,10.1
46,2018-01-01,12,멜로/로맨스,"2,306",379662,5.3
47,2018-01-01,12,사극,100,367637,5.1
48,2018-01-01,12,판타지,172,293039,4.1
49,2018-01-01,12,코미디,"1,386",260761,3.6
50,2018-01-01,12,스릴러,664,234145,3.3
51,2018-01-01,12,공포(호러),968,159779,2.2
52,2018-01-01,12,SF,425,136454,1.9
53,2018-01-01,12,어드벤처,192,130783,1.8
54,2018-01-01,12,미스터리,219,122367,1.7
55,2018-01-01,12,가족,120,101026,1.4
56,2018-01-01,12,다큐멘터리,451,45890,0.6
57,2018-01-01,12,기타,537,41640,0.6
58,2018-01-01,12,뮤지컬,48,25691,0.4
59,2018-01-01,12,성인물(에로),928,24252,0.3
60,2018-01-01,12,전쟁,144,22882,0.3
61,2018-01-01,12,서부극(웨스턴),59,2574,0.0
62,2018-01-01,12,공연,33,419,0.0
63,2018-01-01,11,드라마,"3,773",1010559,17.7
64,2018-01-01,11,액션,"2,129",1009412,17.7
65,2018-01-01,11,범죄,478,703914,12.3
66,2018-01-01,11,사극,100,652913,11.4
67,2018-01-01,11,애니메이션,"1,056",622975,10.9
68,2018-01-01,11,멜로/로맨스,"2,267",387157,6.8
69,2018-01-01,11,코미디,"1,385",329416,5.8
70,2018-01-01,11,판타지,169,178799,3.1
71,2018-01-01,11,SF,423,156499,2.7
72,2018-01-01,11,어드벤처,189,132286,2.3
73,2018-01-01,11,공포(호러),965,129920,2.3
74,2018-01-01,11,스릴러,658,123424,2.2
75,2018-01-01,11,미스터리,221,103980,1.8
76,2018-01-01,11,가족,119,56129,1.0
77,2018-01-01,11,다큐멘터리,448,27144,0.5
78,2018-01-01,11,기타,530,26104,0.5
79,2018-01-01,11,뮤지컬,45,19757,0.4
80,2018-01-01,11,성인물(에로),915,17908,0.3
81,2018-01-01,11,전쟁,139,16539,0.3
82,2018-01-01,11,서부극(웨스턴),58,2577,0.1
83,2018-01-01,11,공연,20,356,0.0
84,2018-01-01,5,액션,"3,103",4999551,30.2
85,2018-01-01,5,애니메이션,"1,448",2546931,15.4
86,2018-01-01,5,범죄,646,2014684,12.2
87,2018-01-01,5,드라마,"5,724",1900040,11.5
88,2018-01-01,5,코미디,"1,635",1026143,6.2
89,2018-01-01,5,멜로/로맨스,"4,251",1019855,6.2
90,2018-01-01,5,스릴러,885,531290,3.2
91,2018-01-01,5,공포(호러),"1,324",493686,3.0
92,2018-01-01,5,SF,534,404187,2.4
93,2018-01-01,5,성인물(에로),"2,407",344670,2.1
94,2018-01-01,5,판타지,252,285173,1.7
95,2018-01-01,5,어드벤처,246,233042,1.4
96,2018-01-01,5,미스터리,314,217449,1.3
97,2018-01-01,5,가족,163,132412,0.8
98,2018-01-01,5,전쟁,247,105291,0.6
99,2018-01-01,5,사극,121,103029,0.6
100,2018-01-01,5,기타,881,82543,0.5
101,2018-01-01,5,다큐멘터리,696,78609,0.5
102,2018-01-01,5,뮤지컬,58,20268,0.1
103,2018-01-01,5,서부극(웨스턴),60,8537,0.1
104,2018-01-01,5,공연,35,7594,0.1
105,2018-01-01,8,액션,"2,106",1819162,26.5
106,2018-01-01,8,애니메이션,"1,053",861212,12.5
107,2018-01-01,8,드라마,"3,774",838228,12.2
108,2018-01-01,8,멜로/로맨스,"2,127",551173,8.0
109,2018-01-01,8,코미디,"1,417",534795,7.8
110,2018-01-01,8,미스터리,225,531880,7.8
111,2018-01-01,8,범죄,474,430207,6.3
112,2018-01-01,8,판타지,170,389969,5.7
113,2018-01-01,8,공포(호러),934,237696,3.5
114,2018-01-01,8,SF,427,224784,3.3
115,2018-01-01,8,스릴러,669,151565,2.2
116,2018-01-01,8,사극,95,67642,1.0
117,2018-01-01,8,어드벤처,190,51020,0.7
118,2018-01-01,8,성인물(에로),884,43531,0.6
119,2018-01-01,8,기타,517,35232,0.5
120,2018-01-01,8,가족,120,32866,0.5
121,2018-01-01,8,전쟁,143,29218,0.4
122,2018-01-01,8,다큐멘터리,464,26561,0.4
123,2018-01-01,8,서부극(웨스턴),57,4439,0.1
124,2018-01-01,8,뮤지컬,43,3462,0.1
125,2018-01-01,8,공연,23,562,0.0
126,2018-01-01,10,액션,"2,131",1359890,25.0
127,2018-01-01,10,드라마,"3,813",1012873,18.6
128,2018-01-01,10,애니메이션,"1,065",563512,10.3
129,2018-01-01,10,멜로/로맨스,"2,195",435208,8.0
130,2018-01-01,10,사극,99,428766,7.9
131,2018-01-01,10,범죄,478,337693,6.2
132,2018-01-01,10,판타지,170,334681,6.1
133,2018-01-01,10,코미디,"1,406",287289,5.3
134,2018-01-01,10,스릴러,667,196508,3.6
135,2018-01-01,10,공포(호러),958,152386,2.8
136,2018-01-01,10,미스터리,224,88822,1.6
137,2018-01-01,10,SF,424,69111,1.3
138,2018-01-01,10,어드벤처,187,39453,0.7
139,2018-01-01,10,뮤지컬,44,35818,0.7
140,2018-01-01,10,가족,119,32445,0.6
141,2018-01-01,10,기타,533,21585,0.4
142,2018-01-01,10,다큐멘터리,463,19018,0.4
143,2018-01-01,10,성인물(에로),913,17240,0.3
144,2018-01-01,10,전쟁,141,16358,0.3
145,2018-01-01,10,서부극(웨스턴),57,2154,0.0
146,2018-01-01,10,공연,19,365,0.0
147,2018-01-01,6,액션,"2,021",1351117,27.3
148,2018-01-01,6,드라마,"3,703",934699,18.9
149,2018-01-01,6,애니메이션,"1,027",594120,12.0
150,2018-01-01,6,범죄,463,387096,7.8
151,2018-01-01,6,멜로/로맨스,"2,005",348848,7.0
152,2018-01-01,6,코미디,"1,395",303124,6.1
153,2018-01-01,6,공포(호러),915,266549,5.4
154,2018-01-01,6,미스터리,219,131800,2.7
155,2018-01-01,6,SF,409,131791,2.7
156,2018-01-01,6,스릴러,655,115083,2.3
157,2018-01-01,6,판타지,165,100158,2.0
158,2018-01-01,6,다큐멘터리,462,74615,1.5
159,2018-01-01,6,전쟁,135,51033,1.0
160,2018-01-01,6,어드벤처,181,47099,1.0
161,2018-01-01,6,사극,94,45052,0.9
162,2018-01-01,6,가족,119,27430,0.6
163,2018-01-01,6,기타,501,22189,0.5
164,2018-01-01,6,성인물(에로),836,18565,0.4
165,2018-01-01,6,뮤지컬,41,2767,0.1
166,2018-01-01,6,서부극(웨스턴),53,2134,0.0
167,2018-01-01,6,공연,22,426,0.0
168,2019-01-01,6,액션,"2,207",1119733,22.6
169,2019-01-01,6,드라마,"3,804",973901,19.7
170,2019-01-01,6,애니메이션,"1,058",560243,11.3
171,2019-01-01,6,범죄,486,533950,10.8
172,2019-01-01,6,코미디,"1,362",515032,10.4
173,2019-01-01,6,멜로/로맨스,"2,558",298580,6.0
174,2019-01-01,6,공포(호러),"1,030",207731,4.2
175,2019-01-01,6,스릴러,667,150667,3.0
176,2019-01-01,6,SF,439,100913,2.0
177,2019-01-01,6,미스터리,240,91166,1.8
178,2019-01-01,6,판타지,185,86730,1.8
179,2019-01-01,6,전쟁,160,64493,1.3
180,2019-01-01,6,어드벤처,188,60276,1.2
181,2019-01-01,6,가족,122,58501,1.2
182,2019-01-01,6,사극,103,35867,0.7
183,2019-01-01,6,다큐멘터리,475,31296,0.6
184,2019-01-01,6,기타,528,29828,0.6
185,2019-01-01,6,성인물(에로),"1,010",27383,0.6
186,2019-01-01,6,뮤지컬,47,5045,0.1
187,2019-01-01,6,서부극(웨스턴),57,2392,0.1
188,2019-01-01,6,공연,22,663,0.0
189,2019-01-01,1,액션,"2,133",1500677,25.8
190,2019-01-01,1,드라마,"3,613",1285158,22.1
191,2019-01-01,1,애니메이션,"1,032",749374,12.9
192,2019-01-01,1,범죄,461,710797,12.2
193,2019-01-01,1,멜로/로맨스,"2,310",293194,5.0
194,2019-01-01,1,스릴러,649,243315,4.2
195,2019-01-01,1,코미디,"1,342",184105,3.2
196,2019-01-01,1,판타지,174,175236,3.0
197,2019-01-01,1,어드벤처,182,135927,2.3
198,2019-01-01,1,사극,98,105678,1.8
199,2019-01-01,1,미스터리,221,104500,1.8
200,2019-01-01,1,공포(호러),939,102656,1.8
201,2019-01-01,1,SF,411,83845,1.4
202,2019-01-01,1,가족,120,49741,0.9
203,2019-01-01,1,다큐멘터리,441,26214,0.5
204,2019-01-01,1,기타,484,23260,0.4
205,2019-01-01,1,성인물(에로),930,22289,0.4
206,2019-01-01,1,전쟁,143,19671,0.3
207,2019-01-01,1,뮤지컬,43,10258,0.2
208,2019-01-01,1,서부극(웨스턴),54,1981,0.0
209,2019-01-01,1,공연,21,520,0.0
210,2019-01-01,3,드라마,"3,792",1073416,19.4
211,2019-01-01,3,코미디,"1,349",1042443,18.9
212,2019-01-01,3,액션,"2,187",935872,16.9
213,2019-01-01,3,애니메이션,"1,076",794136,14.4
214,2019-01-01,3,범죄,487,477581,8.7
215,2019-01-01,3,멜로/로맨스,"2,425",292746,5.3
216,2019-01-01,3,판타지,180,240893,4.4
217,2019-01-01,3,공포(호러),989,141871,2.6
218,2019-01-01,3,미스터리,236,124818,2.3
219,2019-01-01,3,스릴러,679,105325,1.9
220,2019-01-01,3,어드벤처,188,64301,1.2
221,2019-01-01,3,SF,423,63673,1.2
222,2019-01-01,3,사극,101,49716,0.9
223,2019-01-01,3,가족,123,28991,0.5
224,2019-01-01,3,다큐멘터리,465,21376,0.4
225,2019-01-01,3,기타,541,20245,0.4
226,2019-01-01,3,성인물(에로),946,18143,0.3
227,2019-01-01,3,전쟁,143,17410,0.3
228,2019-01-01,3,뮤지컬,45,7784,0.1
229,2019-01-01,3,서부극(웨스턴),58,2612,0.1
230,2019-01-01,3,공연,24,431,0.0
231,2019-01-01,12,액션,"2,324",1174689,20.5
232,2019-01-01,12,드라마,"3,790",1029078,17.9
233,2019-01-01,12,범죄,491,892690,15.6
234,2019-01-01,12,애니메이션,"1,023",662388,11.5
235,2019-01-01,12,코미디,"1,352",467216,8.1
236,2019-01-01,12,멜로/로맨스,"2,723",438270,7.6
237,2019-01-01,12,스릴러,659,184233,3.2
238,2019-01-01,12,어드벤처,190,175227,3.1
239,2019-01-01,12,공포(호러),"1,054",121330,2.1
240,2019-01-01,12,SF,428,93364,1.6
241,2019-01-01,12,사극,97,90889,1.6
242,2019-01-01,12,가족,126,85288,1.5
243,2019-01-01,12,전쟁,170,74440,1.3
244,2019-01-01,12,미스터리,255,70652,1.2
245,2019-01-01,12,판타지,186,67804,1.2
246,2019-01-01,12,기타,454,36582,0.6
247,2019-01-01,12,다큐멘터리,467,34031,0.6
248,2019-01-01,12,성인물(에로),"1,060",31217,0.5
249,2019-01-01,12,뮤지컬,42,4879,0.1
250,2019-01-01,12,서부극(웨스턴),55,2128,0.0
251,2019-01-01,12,공연,20,1207,0.0
252,2019-01-01,4,드라마,"3,691",929794,20.0
253,2019-01-01,4,액션,"2,166",921750,19.8
254,2019-01-01,4,범죄,479,591045,12.7
255,2019-01-01,4,애니메이션,"1,069",528406,11.4
256,2019-01-01,4,코미디,"1,343",506059,10.9
257,2019-01-01,4,멜로/로맨스,"2,452",294230,6.3
258,2019-01-01,4,미스터리,235,179116,3.9
259,2019-01-01,4,공포(호러),992,150718,3.2
260,2019-01-01,4,스릴러,667,143645,3.1
261,2019-01-01,4,판타지,183,118050,2.5
262,2019-01-01,4,SF,425,81706,1.8
263,2019-01-01,4,어드벤처,195,48349,1.0
264,2019-01-01,4,사극,98,41464,0.9
265,2019-01-01,4,다큐멘터리,449,29830,0.6
266,2019-01-01,4,가족,123,26079,0.6
267,2019-01-01,4,성인물(에로),947,20135,0.4
268,2019-01-01,4,기타,515,19275,0.4
269,2019-01-01,4,전쟁,144,12556,0.3
270,2019-01-01,4,뮤지컬,42,4610,0.1
271,2019-01-01,4,서부극(웨스턴),56,1615,0.0
272,2019-01-01,4,공연,30,783,0.0
273,2019-01-01,5,액션,"2,205",1382163,28.5
274,2019-01-01,5,드라마,"3,787",963075,19.8
275,2019-01-01,5,애니메이션,"1,073",520912,10.7
276,2019-01-01,5,범죄,476,455216,9.4
277,2019-01-01,5,멜로/로맨스,"2,524",353314,7.3
278,2019-01-01,5,코미디,"1,356",319017,6.6
279,2019-01-01,5,공포(호러),"1,008",196704,4.1
280,2019-01-01,5,SF,434,135183,2.8
281,2019-01-01,5,스릴러,676,120727,2.5
282,2019-01-01,5,미스터리,238,90178,1.9
283,2019-01-01,5,판타지,182,87930,1.8
284,2019-01-01,5,어드벤처,190,50751,1.0
285,2019-01-01,5,다큐멘터리,451,41954,0.9
286,2019-01-01,5,사극,100,36178,0.7
287,2019-01-01,5,전쟁,151,27647,0.6
288,2019-01-01,5,가족,121,26868,0.6
289,2019-01-01,5,성인물(에로),978,21573,0.4
290,2019-01-01,5,기타,536,19487,0.4
291,2019-01-01,5,뮤지컬,47,6364,0.1
292,2019-01-01,5,서부극(웨스턴),61,1522,0.0
293,2019-01-01,5,공연,28,471,0.0
294,2019-01-01,11,액션,"2,348",925765,19.6
295,2019-01-01,11,코미디,"1,373",648535,13.7
296,2019-01-01,11,드라마,"3,888",611295,12.9
297,2019-01-01,11,범죄,504,593225,12.6
298,2019-01-01,11,애니메이션,"1,052",540288,11.4
299,2019-01-01,11,멜로/로맨스,"2,750",462189,9.8
300,2019-01-01,11,어드벤처,190,192395,4.1
301,2019-01-01,11,공포(호러),"1,070",155288,3.3
302,2019-01-01,11,전쟁,172,105521,2.2
303,2019-01-01,11,사극,104,101929,2.2
304,2019-01-01,11,스릴러,674,94269,2.0
305,2019-01-01,11,미스터리,250,71702,1.5
306,2019-01-01,11,판타지,188,57705,1.2
307,2019-01-01,11,SF,435,47876,1.0
308,2019-01-01,11,가족,132,40340,0.9
309,2019-01-01,11,성인물(에로),"1,123",27460,0.6
310,2019-01-01,11,기타,517,24089,0.5
311,2019-01-01,11,다큐멘터리,463,18339,0.4
312,2019-01-01,11,뮤지컬,42,3299,0.1
313,2019-01-01,11,서부극(웨스턴),56,1878,0.0
314,2019-01-01,11,공연,29,733,0.0
315,2019-01-01,7,액션,"2,237",1820485,32.1
316,2019-01-01,7,드라마,"3,896",841509,14.9
317,2019-01-01,7,애니메이션,"1,069",664698,11.7
318,2019-01-01,7,범죄,489,658585,11.6
319,2019-01-01,7,코미디,"1,370",448613,7.9
320,2019-01-01,7,멜로/로맨스,"2,609",301929,5.3
321,2019-01-01,7,공포(호러),"1,045",264499,4.7
322,2019-01-01,7,스릴러,683,123868,2.2
323,2019-01-01,7,SF,439,88379,1.6
324,2019-01-01,7,판타지,184,84799,1.5
325,2019-01-01,7,가족,124,74355,1.3
326,2019-01-01,7,미스터리,249,73967,1.3
327,2019-01-01,7,어드벤처,192,49739,0.9
328,2019-01-01,7,전쟁,165,39347,0.7
329,2019-01-01,7,기타,542,36519,0.6
330,2019-01-01,7,사극,99,32319,0.6
331,2019-01-01,7,성인물(에로),"1,034",27143,0.5
332,2019-01-01,7,다큐멘터리,459,26702,0.5
333,2019-01-01,7,뮤지컬,48,5845,0.1
334,2019-01-01,7,서부극(웨스턴),61,1835,0.0
335,2019-01-01,7,공연,27,498,0.0
336,2019-01-01,8,액션,"2,281",1497273,26.1
337,2019-01-01,8,드라마,"3,906",1279505,22.3
338,2019-01-01,8,애니메이션,"1,065",703875,12.3
339,2019-01-01,8,범죄,492,456865,8.0
340,2019-01-01,8,코미디,"1,362",441539,7.7
341,2019-01-01,8,멜로/로맨스,"2,657",281245,4.9
342,2019-01-01,8,공포(호러),"1,049",264333,4.6
343,2019-01-01,8,스릴러,691,185164,3.2
344,2019-01-01,8,미스터리,249,151214,2.6
345,2019-01-01,8,사극,103,111210,1.9
346,2019-01-01,8,SF,436,74288,1.3
347,2019-01-01,8,판타지,182,71587,1.3
348,2019-01-01,8,어드벤처,191,53484,0.9
349,2019-01-01,8,가족,125,39406,0.7
350,2019-01-01,8,기타,550,33297,0.6
351,2019-01-01,8,전쟁,167,33196,0.6
352,2019-01-01,8,성인물(에로),"1,059",26602,0.5
353,2019-01-01,8,다큐멘터리,502,24517,0.4
354,2019-01-01,8,뮤지컬,44,3335,0.1
355,2019-01-01,8,서부극(웨스턴),59,1992,0.0
356,2019-01-01,8,공연,27,876,0.0
357,2019-01-01,2,액션,"2,256",2359951,20.1
358,2019-01-01,2,드라마,"3,977",2262442,19.3
359,2019-01-01,2,애니메이션,"1,121",1825793,15.6
360,2019-01-01,2,코미디,"1,451",1312109,11.2
361,2019-01-01,2,범죄,505,1059551,9.0
362,2019-01-01,2,판타지,181,782107,6.7
363,2019-01-01,2,멜로/로맨스,"2,499",595567,5.1
364,2019-01-01,2,공포(호러),"1,019",286704,2.4
365,2019-01-01,2,스릴러,698,263449,2.2
366,2019-01-01,2,미스터리,237,205077,1.8
367,2019-01-01,2,어드벤처,199,195964,1.7
368,2019-01-01,2,사극,105,156530,1.3
369,2019-01-01,2,SF,431,147693,1.3
370,2019-01-01,2,가족,126,75511,0.6
371,2019-01-01,2,다큐멘터리,540,58800,0.5
372,2019-01-01,2,기타,607,49581,0.4
373,2019-01-01,2,전쟁,153,47786,0.4
374,2019-01-01,2,성인물(에로),"1,041",35677,0.3
375,2019-01-01,2,뮤지컬,47,16339,0.1
376,2019-01-01,2,서부극(웨스턴),61,5220,0.0
377,2019-01-01,2,공연,34,1066,0.0
378,2019-01-01,10,범죄,506,915804,17.9
379,2019-01-01,10,액션,"2,322",873777,17.1
380,2019-01-01,10,드라마,"3,927",611749,12.0
381,2019-01-01,10,애니메이션,"1,062",536930,10.5
382,2019-01-01,10,코미디,"1,385",502293,9.8
383,2019-01-01,10,어드벤처,196,397201,7.8
384,2019-01-01,10,멜로/로맨스,"2,733",306757,6.0
385,2019-01-01,10,사극,101,206349,4.0
386,2019-01-01,10,공포(호러),"1,083",181612,3.6
387,2019-01-01,10,스릴러,692,129737,2.5
388,2019-01-01,10,전쟁,175,123365,2.4
389,2019-01-01,10,미스터리,252,91132,1.8
390,2019-01-01,10,가족,124,54183,1.1
391,2019-01-01,10,SF,440,53877,1.1
392,2019-01-01,10,판타지,184,46463,0.9
393,2019-01-01,10,성인물(에로),"1,128",26707,0.5
394,2019-01-01,10,기타,546,23357,0.5
395,2019-01-01,10,다큐멘터리,472,18278,0.4
396,2019-01-01,10,뮤지컬,45,3706,0.1
397,2019-01-01,10,서부극(웨스턴),59,1852,0.0
398,2019-01-01,10,공연,28,683,0.0
399,2019-01-01,9,액션,"2,291",1366264,23.7
400,2019-01-01,9,드라마,"3,802",820037,14.2
401,2019-01-01,9,코미디,"1,345",734085,12.7
402,2019-01-01,9,사극,102,659667,11.4
403,2019-01-01,9,애니메이션,"1,055",593492,10.3
404,2019-01-01,9,공포(호러),"1,053",264096,4.6
405,2019-01-01,9,멜로/로맨스,"2,613",255938,4.4
406,2019-01-01,9,범죄,489,253484,4.4
407,2019-01-01,9,미스터리,252,238526,4.1
408,2019-01-01,9,어드벤처,192,176380,3.1
409,2019-01-01,9,스릴러,672,142216,2.5
410,2019-01-01,9,판타지,182,65382,1.1
411,2019-01-01,9,SF,432,59788,1.0
412,2019-01-01,9,가족,122,36852,0.6
413,2019-01-01,9,전쟁,165,32700,0.6
414,2019-01-01,9,기타,507,23505,0.4
415,2019-01-01,9,성인물(에로),"1,027",21282,0.4
416,2019-01-01,9,다큐멘터리,453,18355,0.3
417,2019-01-01,9,뮤지컬,44,3446,0.1
418,2019-01-01,9,서부극(웨스턴),57,1952,0.0
419,2019-01-01,9,공연,28,1184,0.0
420,2020-01-01,2,드라마,"4,039",2129138,32.0
421,2020-01-01,2,액션,"2,405",1039506,15.6
422,2020-01-01,2,애니메이션,"1,088",1015163,15.2
423,2020-01-01,2,코미디,"1,411",624435,9.4
424,2020-01-01,2,어드벤처,205,361069,5.4
425,2020-01-01,2,범죄,509,272073,4.1
426,2020-01-01,2,멜로/로맨스,"2,865",249909,3.8
427,2020-01-01,2,사극,107,155723,2.3
428,2020-01-01,2,스릴러,694,149594,2.3
429,2020-01-01,2,미스터리,256,134202,2.0
430,2020-01-01,2,판타지,198,132947,2.0
431,2020-01-01,2,공포(호러),"1,098",121836,1.8
432,2020-01-01,2,SF,447,92203,1.4
433,2020-01-01,2,가족,131,42717,0.6
434,2020-01-01,2,전쟁,184,36308,0.6
435,2020-01-01,2,다큐멘터리,491,32159,0.5
436,2020-01-01,2,기타,542,29127,0.4
437,2020-01-01,2,성인물(에로),"1,149",27937,0.4
438,2020-01-01,2,뮤지컬,44,11210,0.2
439,2020-01-01,2,서부극(웨스턴),59,2679,0.0
440,2020-01-01,2,공연,14,1505,0.0
441,2020-01-01,3,드라마,"4,187",1178366,20.8
442,2020-01-01,3,액션,"2,445",1021546,18.0
443,2020-01-01,3,애니메이션,"1,112",958915,16.9
444,2020-01-01,3,코미디,"1,443",776596,13.7
445,2020-01-01,3,멜로/로맨스,"2,878",265589,4.7
446,2020-01-01,3,미스터리,266,247697,4.4
447,2020-01-01,3,어드벤처,204,212817,3.8
448,2020-01-01,3,범죄,510,211292,3.7
449,2020-01-01,3,공포(호러),"1,105",180743,3.2
450,2020-01-01,3,스릴러,713,137868,2.4
451,2020-01-01,3,판타지,195,121952,2.2
452,2020-01-01,3,사극,107,93107,1.6
453,2020-01-01,3,SF,461,76688,1.4
454,2020-01-01,3,가족,135,47674,0.8
455,2020-01-01,3,다큐멘터리,518,33981,0.6
456,2020-01-01,3,성인물(에로),"1,155",32935,0.6
457,2020-01-01,3,전쟁,182,32523,0.6
458,2020-01-01,3,기타,571,32075,0.6
459,2020-01-01,3,뮤지컬,44,9032,0.2
460,2020-01-01,3,공연,21,2716,0.1
461,2020-01-01,3,서부극(웨스턴),58,2216,0.0
462,2020-01-01,1,드라마,"4,026",1451406,22.4
463,2020-01-01,1,액션,"2,403",1340839,20.7
464,2020-01-01,1,애니메이션,"1,069",785718,12.1
465,2020-01-01,1,어드벤처,201,631649,9.8
466,2020-01-01,1,범죄,515,587649,9.1
467,2020-01-01,1,코미디,"1,406",391782,6.1
468,2020-01-01,1,멜로/로맨스,"2,840",320342,5.0
469,2020-01-01,1,스릴러,703,186294,2.9
470,2020-01-01,1,사극,108,150818,2.3
471,2020-01-01,1,공포(호러),"1,097",132707,2.1
472,2020-01-01,1,SF,443,91380,1.4
473,2020-01-01,1,판타지,192,82346,1.3
474,2020-01-01,1,미스터리,260,74079,1.1
475,2020-01-01,1,전쟁,179,61958,1.0
476,2020-01-01,1,가족,136,53908,0.8
477,2020-01-01,1,다큐멘터리,491,45447,0.7
478,2020-01-01,1,성인물(에로),"1,118",40335,0.6
479,2020-01-01,1,기타,556,27289,0.4
480,2020-01-01,1,뮤지컬,46,13679,0.2
481,2020-01-01,1,서부극(웨스턴),58,2376,0.0
482,2020-01-01,1,공연,19,997,0.0
483,2022-01-01,1,액션,"2,739",736423,29.1
484,2022-01-01,1,애니메이션,"1,229",466282,18.4
485,2022-01-01,1,범죄,551,386315,15.3
486,2022-01-01,1,드라마,"4,750",261060,10.3
487,2022-01-01,1,멜로/로맨스,"3,674",140234,5.6
488,2022-01-01,1,판타지,220,75952,3.0
489,2022-01-01,1,SF,456,71892,2.8
490,2022-01-01,1,코미디,"1,309",70078,2.8
491,2022-01-01,1,스릴러,751,57598,2.3
492,2022-01-01,1,어드벤처,224,57401,2.3
493,2022-01-01,1,성인물(에로),"1,919",54583,2.2
494,2022-01-01,1,공포(호러),"1,120",43546,1.7
495,2022-01-01,1,미스터리,269,23676,0.9
496,2022-01-01,1,가족,140,17757,0.7
497,2022-01-01,1,전쟁,241,17071,0.7
498,2022-01-01,1,사극,116,15795,0.6
499,2022-01-01,1,기타,601,14116,0.6
500,2022-01-01,1,다큐멘터리,520,12524,0.5
501,2022-01-01,1,뮤지컬,48,4032,0.2
502,2022-01-01,1,서부극(웨스턴),56,1221,0.1
503,2022-01-01,1,공연,27,1058,0.0
504,2022-01-01,2,액션,"2,718",566392,24.1
505,2022-01-01,2,범죄,533,512408,21.8
506,2022-01-01,2,애니메이션,"1,249",441711,18.8
507,2022-01-01,2,드라마,"4,734",269222,11.5
508,2022-01-01,2,멜로/로맨스,"3,593",120346,5.1
509,2022-01-01,2,코미디,"1,276",64593,2.8
510,2022-01-01,2,SF,460,60301,2.6
511,2022-01-01,2,어드벤처,214,56706,2.4
512,2022-01-01,2,스릴러,728,47420,2.0
513,2022-01-01,2,성인물(에로),"1,860",47195,2.0
514,2022-01-01,2,공포(호러),"1,104",37341,1.6
515,2022-01-01,2,판타지,219,36297,1.6
516,2022-01-01,2,미스터리,258,18106,0.8
517,2022-01-01,2,사극,117,14735,0.6
518,2022-01-01,2,전쟁,237,13569,0.6
519,2022-01-01,2,가족,138,13171,0.6
520,2022-01-01,2,기타,562,13099,0.6
521,2022-01-01,2,다큐멘터리,521,9305,0.4
522,2022-01-01,2,뮤지컬,49,2165,0.1
523,2022-01-01,2,서부극(웨스턴),54,925,0.0
524,2022-01-01,2,공연,28,794,0.0
525,2022-01-01,3,액션,"2,307",515471,27.8
526,2022-01-01,3,범죄,437,274150,14.8
527,2022-01-01,3,드라마,"3,772",272354,14.7
528,2022-01-01,3,애니메이션,"1,086",271827,14.6
529,2022-01-01,3,멜로/로맨스,"3,193",196183,10.6
530,2022-01-01,3,성인물(에로),"1,775",46739,2.5
531,2022-01-01,3,SF,398,40378,2.2
532,2022-01-01,3,코미디,975,36643,2.0
533,2022-01-01,3,스릴러,610,36504,2.0
534,2022-01-01,3,어드벤처,166,33488,1.8
535,2022-01-01,3,공포(호러),864,28272,1.5
536,2022-01-01,3,미스터리,231,24314,1.3
537,2022-01-01,3,판타지,199,20737,1.1
538,2022-01-01,3,기타,370,11620,0.6
539,2022-01-01,3,전쟁,201,11488,0.6
540,2022-01-01,3,다큐멘터리,355,10900,0.6
541,2022-01-01,3,가족,109,10531,0.6
542,2022-01-01,3,사극,103,9369,0.5
543,2022-01-01,3,서부극(웨스턴),33,2576,0.1
544,2022-01-01,3,뮤지컬,43,1737,0.1
545,2022-01-01,3,공연,19,1011,0.1
546,2021-01-01,5,액션,"2,516",713640,28.0
547,2021-01-01,5,드라마,"4,321",553395,21.7
548,2021-01-01,5,애니메이션,"1,172",403649,15.9
549,2021-01-01,5,멜로/로맨스,"3,506",163800,6.4
550,2021-01-01,5,사극,103,111145,4.4
551,2021-01-01,5,범죄,515,93306,3.7
552,2021-01-01,5,코미디,"1,332",89053,3.5
553,2021-01-01,5,미스터리,259,73156,2.9
554,2021-01-01,5,스릴러,683,58266,2.3
555,2021-01-01,5,성인물(에로),"1,647",56633,2.2
556,2021-01-01,5,SF,453,52218,2.1
557,2021-01-01,5,공포(호러),"1,093",45049,1.8
558,2021-01-01,5,어드벤처,201,41720,1.6
559,2021-01-01,5,판타지,190,21909,0.9
560,2021-01-01,5,전쟁,213,20217,0.8
561,2021-01-01,5,가족,146,15899,0.6
562,2021-01-01,5,기타,571,15545,0.6
563,2021-01-01,5,다큐멘터리,481,11811,0.5
564,2021-01-01,5,공연,28,2829,0.1
565,2021-01-01,5,뮤지컬,44,2486,0.1
566,2021-01-01,5,서부극(웨스턴),50,1109,0.0
567,2021-01-01,11,액션,"2,573",810171,38.4
568,2021-01-01,11,드라마,"4,474",256602,12.2
569,2021-01-01,11,애니메이션,"1,214",244310,11.6
570,2021-01-01,11,범죄,512,221057,10.5
571,2021-01-01,11,멜로/로맨스,"3,594",123282,5.8
572,2021-01-01,11,SF,437,104098,4.9
573,2021-01-01,11,코미디,"1,262",91760,4.4
574,2021-01-01,11,스릴러,683,61101,2.9
575,2021-01-01,11,공포(호러),"1,042",50210,2.4
576,2021-01-01,11,성인물(에로),"1,783",45338,2.2
577,2021-01-01,11,어드벤처,204,16480,0.8
578,2021-01-01,11,미스터리,259,15503,0.7
579,2021-01-01,11,판타지,207,13883,0.7
580,2021-01-01,11,사극,108,13792,0.7
581,2021-01-01,11,가족,133,12436,0.6
582,2021-01-01,11,전쟁,220,10875,0.5
583,2021-01-01,11,기타,550,9288,0.4
584,2021-01-01,11,다큐멘터리,474,7464,0.4
585,2021-01-01,11,뮤지컬,44,1398,0.1
586,2021-01-01,11,서부극(웨스턴),51,1048,0.1
587,2021-01-01,11,공연,25,814,0.0
588,2021-01-01,9,액션,"2,587",767246,27.4
589,2021-01-01,9,코미디,"1,271",482514,17.2
590,2021-01-01,9,애니메이션,"1,211",387429,13.8
591,2021-01-01,9,드라마,"4,488",281335,10.0
592,2021-01-01,9,스릴러,707,178253,6.4
593,2021-01-01,9,공포(호러),"1,079",177521,6.3
594,2021-01-01,9,멜로/로맨스,"3,554",141338,5.0
595,2021-01-01,9,범죄,521,97306,3.5
596,2021-01-01,9,미스터리,272,84162,3.0
597,2021-01-01,9,성인물(에로),"1,748",47165,1.7
598,2021-01-01,9,어드벤처,210,31261,1.1
599,2021-01-01,9,SF,449,26263,0.9
600,2021-01-01,9,전쟁,213,25508,0.9
601,2021-01-01,9,사극,106,19325,0.7
602,2021-01-01,9,판타지,206,18250,0.7
603,2021-01-01,9,기타,573,11803,0.4
604,2021-01-01,9,가족,140,11359,0.4
605,2021-01-01,9,다큐멘터리,500,9587,0.3
606,2021-01-01,9,뮤지컬,49,2331,0.1
607,2021-01-01,9,공연,25,1899,0.1
608,2021-01-01,9,서부극(웨스턴),52,1031,0.0
609,2021-01-01,3,액션,"2,457",569151,28.1
610,2021-01-01,3,드라마,"4,256",318777,15.7
611,2021-01-01,3,애니메이션,"1,165",296800,14.7
612,2021-01-01,3,멜로/로맨스,"3,383",190083,9.4
613,2021-01-01,3,코미디,"1,316",162827,8.0
614,2021-01-01,3,범죄,512,112986,5.6
615,2021-01-01,3,스릴러,688,51660,2.6
616,2021-01-01,3,성인물(에로),"1,594",51644,2.6
617,2021-01-01,3,어드벤처,210,43115,2.1
618,2021-01-01,3,공포(호러),"1,086",41344,2.0
619,2021-01-01,3,SF,448,38133,1.9
620,2021-01-01,3,전쟁,215,37289,1.8
621,2021-01-01,3,미스터리,267,27989,1.4
622,2021-01-01,3,기타,540,19550,1.0
623,2021-01-01,3,판타지,190,17796,0.9
624,2021-01-01,3,가족,142,14016,0.7
625,2021-01-01,3,사극,105,12672,0.6
626,2021-01-01,3,다큐멘터리,477,10620,0.5
627,2021-01-01,3,공연,26,6876,0.3
628,2021-01-01,3,뮤지컬,43,1606,0.1
629,2021-01-01,3,서부극(웨스턴),51,1332,0.1
630,2021-01-01,1,드라마,"4,250",747028,22.8
631,2021-01-01,1,액션,"2,465",704673,21.5
632,2021-01-01,1,애니메이션,"1,158",373674,11.4
633,2021-01-01,1,범죄,510,351435,10.7
634,2021-01-01,1,멜로/로맨스,"3,272",195765,6.0
635,2021-01-01,1,코미디,"1,316",181150,5.5
636,2021-01-01,1,어드벤처,201,135978,4.2
637,2021-01-01,1,미스터리,271,110761,3.4
638,2021-01-01,1,스릴러,699,93960,2.9
639,2021-01-01,1,공포(호러),"1,120",65748,2.0
640,2021-01-01,1,전쟁,205,62833,1.9
641,2021-01-01,1,SF,443,54172,1.7
642,2021-01-01,1,성인물(에로),"1,532",52453,1.6
643,2021-01-01,1,판타지,198,38246,1.2
644,2021-01-01,1,가족,140,34552,1.1
645,2021-01-01,1,다큐멘터리,468,24000,0.7
646,2021-01-01,1,기타,549,22869,0.7
647,2021-01-01,1,사극,105,20195,0.6
648,2021-01-01,1,공연,23,5645,0.2
649,2021-01-01,1,서부극(웨스턴),50,2531,0.1
650,2021-01-01,1,뮤지컬,43,1499,0.1
651,2021-01-01,7,액션,"2,533",696325,24.0
652,2021-01-01,7,애니메이션,"1,170",462773,16.0
653,2021-01-01,7,드라마,"4,309",434806,15.0
654,2021-01-01,7,스릴러,708,366659,12.7
655,2021-01-01,7,공포(호러),"1,118",199302,6.9
656,2021-01-01,7,범죄,511,165833,5.7
657,2021-01-01,7,멜로/로맨스,"3,500",153370,5.3
658,2021-01-01,7,코미디,"1,285",71905,2.5
659,2021-01-01,7,미스터리,271,70088,2.4
660,2021-01-01,7,성인물(에로),"1,734",51915,1.8
661,2021-01-01,7,SF,450,47080,1.6
662,2021-01-01,7,사극,104,46193,1.6
663,2021-01-01,7,어드벤처,209,36781,1.3
664,2021-01-01,7,판타지,205,22788,0.8
665,2021-01-01,7,전쟁,211,19996,0.7
666,2021-01-01,7,가족,140,18291,0.6
667,2021-01-01,7,기타,543,15396,0.5
668,2021-01-01,7,다큐멘터리,477,11878,0.4
669,2021-01-01,7,뮤지컬,43,3076,0.1
670,2021-01-01,7,공연,25,1563,0.1
671,2021-01-01,7,서부극(웨스턴),47,839,0.0
672,2021-01-01,2,액션,"2,458",622055,26.4
673,2021-01-01,2,드라마,"4,233",424052,18.0
674,2021-01-01,2,애니메이션,"1,149",342200,14.5
675,2021-01-01,2,범죄,504,196492,8.3
676,2021-01-01,2,멜로/로맨스,"3,270",158151,6.7
677,2021-01-01,2,코미디,"1,305",126181,5.4
678,2021-01-01,2,어드벤처,205,86870,3.7
679,2021-01-01,2,스릴러,700,61626,2.6
680,2021-01-01,2,공포(호러),"1,098",51631,2.2
681,2021-01-01,2,미스터리,260,50572,2.2
682,2021-01-01,2,SF,444,47638,2.0
683,2021-01-01,2,성인물(에로),"1,534",44530,1.9
684,2021-01-01,2,전쟁,205,40387,1.7
685,2021-01-01,2,판타지,195,26195,1.1
686,2021-01-01,2,기타,526,20141,0.9
687,2021-01-01,2,가족,139,18817,0.8
688,2021-01-01,2,사극,107,16463,0.7
689,2021-01-01,2,다큐멘터리,467,13683,0.6
690,2021-01-01,2,공연,26,5113,0.2
691,2021-01-01,2,서부극(웨스턴),51,1958,0.1
692,2021-01-01,2,뮤지컬,47,1021,0.0
693,2021-01-01,8,액션,"2,610",907088,26.9
694,2021-01-01,8,애니메이션,"1,186",649990,19.3
695,2021-01-01,8,드라마,"4,548",445191,13.2
696,2021-01-01,8,스릴러,725,432125,12.8
697,2021-01-01,8,멜로/로맨스,"3,595",165869,4.9
698,2021-01-01,8,공포(호러),"1,131",155137,4.6
699,2021-01-01,8,미스터리,273,125023,3.7
700,2021-01-01,8,범죄,535,121231,3.6
701,2021-01-01,8,코미디,"1,365",88462,2.6
702,2021-01-01,8,성인물(에로),"1,762",54414,1.6
703,2021-01-01,8,SF,455,43933,1.3
704,2021-01-01,8,어드벤처,217,42813,1.3
705,2021-01-01,8,사극,106,30744,0.9
706,2021-01-01,8,전쟁,215,28942,0.9
707,2021-01-01,8,판타지,207,25224,0.8
708,2021-01-01,8,가족,141,18196,0.5
709,2021-01-01,8,기타,571,15511,0.5
710,2021-01-01,8,다큐멘터리,512,13152,0.4
711,2021-01-01,8,뮤지컬,51,6189,0.2
712,2021-01-01,8,공연,27,1781,0.1
713,2021-01-01,8,서부극(웨스턴),48,811,0.0
714,2021-01-01,6,액션,"2,488",495216,23.2
715,2021-01-01,6,애니메이션,"1,140",417373,19.5
716,2021-01-01,6,드라마,"4,257",337648,15.8
717,2021-01-01,6,범죄,510,211095,9.9
718,2021-01-01,6,멜로/로맨스,"3,507",143841,6.7
719,2021-01-01,6,스릴러,671,81220,3.8
720,2021-01-01,6,공포(호러),"1,098",76425,3.6
721,2021-01-01,6,코미디,"1,268",59813,2.8
722,2021-01-01,6,성인물(에로),"1,687",58615,2.7
723,2021-01-01,6,미스터리,258,57479,2.7
724,2021-01-01,6,사극,101,49613,2.3
725,2021-01-01,6,SF,450,41195,1.9
726,2021-01-01,6,어드벤처,208,28318,1.3
727,2021-01-01,6,전쟁,210,22377,1.1
728,2021-01-01,6,판타지,199,18405,0.9
729,2021-01-01,6,기타,538,11598,0.5
730,2021-01-01,6,다큐멘터리,456,11434,0.5
731,2021-01-01,6,가족,137,11198,0.5
732,2021-01-01,6,뮤지컬,42,2062,0.1
733,2021-01-01,6,공연,29,1469,0.1
734,2021-01-01,6,서부극(웨스턴),50,799,0.0
735,2021-01-01,10,액션,"2,599",903863,39.5
736,2021-01-01,10,애니메이션,"1,213",321462,14.0
737,2021-01-01,10,드라마,"4,510",236828,10.4
738,2021-01-01,10,코미디,"1,264",209183,9.1
739,2021-01-01,10,멜로/로맨스,"3,574",129790,5.7
740,2021-01-01,10,공포(호러),"1,077",118669,5.2
741,2021-01-01,10,스릴러,705,96687,4.2
742,2021-01-01,10,범죄,502,66362,2.9
743,2021-01-01,10,성인물(에로),"1,759",56544,2.5
744,2021-01-01,10,미스터리,272,34241,1.5
745,2021-01-01,10,SF,445,21979,1.0
746,2021-01-01,10,어드벤처,201,19389,0.9
747,2021-01-01,10,사극,104,14249,0.6
748,2021-01-01,10,판타지,206,14102,0.6
749,2021-01-01,10,전쟁,218,12504,0.6
750,2021-01-01,10,기타,549,11531,0.5
751,2021-01-01,10,가족,135,10410,0.5
752,2021-01-01,10,다큐멘터리,485,7571,0.3
753,2021-01-01,10,뮤지컬,46,1745,0.1
754,2021-01-01,10,공연,26,1039,0.1
755,2021-01-01,10,서부극(웨스턴),52,778,0.0
756,2021-01-01,4,액션,"2,478",508404,25.1
757,2021-01-01,4,드라마,"4,260",459185,22.6
758,2021-01-01,4,애니메이션,"1,158",321515,15.9
759,2021-01-01,4,멜로/로맨스,"3,457",158659,7.8
760,2021-01-01,4,코미디,"1,276",115728,5.7
761,2021-01-01,4,범죄,497,94703,4.7
762,2021-01-01,4,스릴러,674,62076,3.1
763,2021-01-01,4,어드벤처,206,51383,2.5
764,2021-01-01,4,성인물(에로),"1,609",51070,2.5
765,2021-01-01,4,공포(호러),"1,068",39804,2.0
766,2021-01-01,4,SF,440,34901,1.7
767,2021-01-01,4,사극,101,22930,1.1
768,2021-01-01,4,전쟁,210,22756,1.1
769,2021-01-01,4,미스터리,263,21577,1.1
770,2021-01-01,4,기타,546,17373,0.9
771,2021-01-01,4,판타지,181,16363,0.8
772,2021-01-01,4,가족,137,14323,0.7
773,2021-01-01,4,다큐멘터리,466,10201,0.5
774,2021-01-01,4,공연,25,3128,0.2
775,2021-01-01,4,뮤지컬,43,1847,0.1
776,2021-01-01,4,서부극(웨스턴),48,774,0.0
777,2021-01-01,12,액션,"2,659",699985,26.7
778,2021-01-01,12,범죄,542,457086,17.4
779,2021-01-01,12,애니메이션,"1,275",413910,15.8
780,2021-01-01,12,드라마,"4,720",322639,12.3
781,2021-01-01,12,멜로/로맨스,"3,679",168682,6.4
782,2021-01-01,12,판타지,218,105952,4.0
783,2021-01-01,12,SF,460,79276,3.0
784,2021-01-01,12,코미디,"1,304",71372,2.7
785,2021-01-01,12,가족,143,56748,2.2
786,2021-01-01,12,스릴러,708,53727,2.1
787,2021-01-01,12,성인물(에로),"1,883",47106,1.8
788,2021-01-01,12,공포(호러),"1,067",38127,1.5
789,2021-01-01,12,다큐멘터리,527,21258,0.8
790,2021-01-01,12,어드벤처,208,18317,0.7
791,2021-01-01,12,미스터리,261,17447,0.7
792,2021-01-01,12,사극,111,15764,0.6
793,2021-01-01,12,전쟁,229,14276,0.5
794,2021-01-01,12,기타,633,11086,0.4
795,2021-01-01,12,뮤지컬,48,6860,0.3
796,2021-01-01,12,공연,27,979,0.0
797,2021-01-01,12,서부극(웨스턴),51,958,0.0
798,2020-01-01,7,드라마,"4,053",739973,22.6
799,2020-01-01,7,액션,"2,386",552859,16.9
800,2020-01-01,7,애니메이션,"1,102",406690,12.4
801,2020-01-01,7,미스터리,266,221604,6.8
802,2020-01-01,7,멜로/로맨스,"3,093",208055,6.4
803,2020-01-01,7,코미디,"1,322",190834,5.8
804,2020-01-01,7,어드벤처,198,172579,5.3
805,2020-01-01,7,스릴러,685,151204,4.6
806,2020-01-01,7,SF,444,142638,4.4
807,2020-01-01,7,범죄,493,136869,4.2
808,2020-01-01,7,공포(호러),"1,093",111143,3.4
809,2020-01-01,7,사극,104,45369,1.4
810,2020-01-01,7,판타지,193,40220,1.2
811,2020-01-01,7,기타,529,39469,1.2
812,2020-01-01,7,성인물(에로),"1,293",38872,1.2
813,2020-01-01,7,전쟁,184,29731,0.9
814,2020-01-01,7,가족,128,21562,0.7
815,2020-01-01,7,다큐멘터리,451,16555,0.5
816,2020-01-01,7,뮤지컬,43,6167,0.2
817,2020-01-01,7,서부극(웨스턴),49,1636,0.1
818,2020-01-01,7,공연,14,513,0.0
819,2020-01-01,11,드라마,"4,072",716587,24.7
820,2020-01-01,11,액션,"2,389",562281,19.4
821,2020-01-01,11,코미디,"1,306",353030,12.2
822,2020-01-01,11,애니메이션,"1,155",316330,10.9
823,2020-01-01,11,범죄,492,234398,8.1
824,2020-01-01,11,멜로/로맨스,"3,121",165838,5.7
825,2020-01-01,11,어드벤처,197,95806,3.3
826,2020-01-01,11,스릴러,682,95062,3.3
827,2020-01-01,11,전쟁,198,70285,2.4
828,2020-01-01,11,공포(호러),"1,068",68280,2.4
829,2020-01-01,11,SF,431,39208,1.4
830,2020-01-01,11,미스터리,267,35712,1.2
831,2020-01-01,11,성인물(에로),"1,345",26606,0.9
832,2020-01-01,11,판타지,196,26254,0.9
833,2020-01-01,11,가족,128,21496,0.7
834,2020-01-01,11,사극,102,20730,0.7
835,2020-01-01,11,기타,523,18384,0.6
836,2020-01-01,11,다큐멘터리,455,15863,0.6
837,2020-01-01,11,공연,20,14084,0.5
838,2020-01-01,11,뮤지컬,42,3133,0.1
839,2020-01-01,11,서부극(웨스턴),48,1115,0.0
840,2020-01-01,6,액션,"2,418",662030,18.5
841,2020-01-01,6,드라마,"4,172",610490,17.0
842,2020-01-01,6,애니메이션,"1,112",482622,13.5
843,2020-01-01,6,어드벤처,204,323836,9.0
844,2020-01-01,6,코미디,"1,396",251938,7.0
845,2020-01-01,6,멜로/로맨스,"3,061",251048,7.0
846,2020-01-01,6,스릴러,699,202054,5.6
847,2020-01-01,6,범죄,512,190063,5.3
848,2020-01-01,6,공포(호러),"1,097",138207,3.9
849,2020-01-01,6,미스터리,272,114741,3.2
850,2020-01-01,6,SF,444,83020,2.3
851,2020-01-01,6,판타지,198,59548,1.7
852,2020-01-01,6,사극,107,44468,1.2
853,2020-01-01,6,기타,560,42776,1.2
854,2020-01-01,6,가족,136,33274,0.9
855,2020-01-01,6,전쟁,190,31905,0.9
856,2020-01-01,6,성인물(에로),"1,264",31640,0.9
857,2020-01-01,6,다큐멘터리,485,22237,0.6
858,2020-01-01,6,뮤지컬,46,8703,0.2
859,2020-01-01,6,서부극(웨스턴),57,2024,0.1
860,2020-01-01,6,공연,19,775,0.0
861,2020-01-01,10,코미디,"1,353",677899,20.7
862,2020-01-01,10,드라마,"4,113",552967,16.9
863,2020-01-01,10,액션,"2,417",466393,14.3
864,2020-01-01,10,애니메이션,"1,161",377636,11.6
865,2020-01-01,10,범죄,490,258447,7.9
866,2020-01-01,10,멜로/로맨스,"3,151",186930,5.7
867,2020-01-01,10,어드벤처,198,173813,5.3
868,2020-01-01,10,공포(호러),"1,102",113033,3.5
869,2020-01-01,10,스릴러,692,104359,3.2
870,2020-01-01,10,전쟁,198,94172,2.9
871,2020-01-01,10,미스터리,270,48953,1.5
872,2020-01-01,10,SF,445,42657,1.3
873,2020-01-01,10,성인물(에로),"1,360",37046,1.1
874,2020-01-01,10,판타지,196,36042,1.1
875,2020-01-01,10,가족,130,27471,0.8
876,2020-01-01,10,사극,106,26712,0.8
877,2020-01-01,10,기타,542,24064,0.7
878,2020-01-01,10,다큐멘터리,488,14625,0.5
879,2020-01-01,10,공연,19,3945,0.1
880,2020-01-01,10,뮤지컬,46,2335,0.1
881,2020-01-01,10,서부극(웨스턴),52,1338,0.0
882,2020-01-01,8,드라마,"4,193",1321316,29.3
883,2020-01-01,8,액션,"2,407",960119,21.3
884,2020-01-01,8,애니메이션,"1,132",569201,12.6
885,2020-01-01,8,코미디,"1,377",257740,5.7
886,2020-01-01,8,멜로/로맨스,"3,156",227869,5.1
887,2020-01-01,8,어드벤처,203,183767,4.1
888,2020-01-01,8,범죄,501,166376,3.7
889,2020-01-01,8,미스터리,271,143560,3.2
890,2020-01-01,8,스릴러,692,136480,3.0
891,2020-01-01,8,공포(호러),"1,114",136224,3.0
892,2020-01-01,8,SF,462,133410,3.0
893,2020-01-01,8,사극,104,56547,1.3
894,2020-01-01,8,성인물(에로),"1,335",43445,1.0
895,2020-01-01,8,판타지,196,42726,1.0
896,2020-01-01,8,전쟁,192,42270,0.9
897,2020-01-01,8,기타,541,39775,0.9
898,2020-01-01,8,가족,132,24940,0.6
899,2020-01-01,8,다큐멘터리,479,20985,0.5
900,2020-01-01,8,뮤지컬,45,5310,0.1
901,2020-01-01,8,서부극(웨스턴),53,1742,0.0
902,2020-01-01,8,공연,17,816,0.0
903,2020-01-01,12,드라마,"4,232",944290,23.4
904,2020-01-01,12,액션,"2,482",864535,21.4
905,2020-01-01,12,애니메이션,"1,166",469973,11.7
906,2020-01-01,12,범죄,503,427754,10.6
907,2020-01-01,12,코미디,"1,360",375524,9.3
908,2020-01-01,12,멜로/로맨스,"3,233",204438,5.1
909,2020-01-01,12,어드벤처,201,105571,2.6
910,2020-01-01,12,스릴러,708,100208,2.5
911,2020-01-01,12,가족,136,93413,2.3
912,2020-01-01,12,공포(호러),"1,120",70309,1.7
913,2020-01-01,12,SF,454,68014,1.7
914,2020-01-01,12,전쟁,203,61531,1.5
915,2020-01-01,12,미스터리,270,54963,1.4
916,2020-01-01,12,판타지,198,45331,1.1
917,2020-01-01,12,성인물(에로),"1,478",42252,1.1
918,2020-01-01,12,다큐멘터리,477,39441,1.0
919,2020-01-01,12,사극,103,23825,0.6
920,2020-01-01,12,기타,542,23781,0.6
921,2020-01-01,12,공연,19,17014,0.4
922,2020-01-01,12,뮤지컬,46,1982,0.1
923,2020-01-01,12,서부극(웨스턴),48,1611,0.0
924,2020-01-01,5,액션,"2,426",912314,23.3
925,2020-01-01,5,애니메이션,"1,107",685015,17.5
926,2020-01-01,5,드라마,"4,088",664777,16.9
927,2020-01-01,5,코미디,"1,393",408502,10.4
928,2020-01-01,5,멜로/로맨스,"3,015",240406,6.1
929,2020-01-01,5,범죄,512,181871,4.6
930,2020-01-01,5,스릴러,703,168843,4.3
931,2020-01-01,5,공포(호러),"1,085",130964,3.3
932,2020-01-01,5,어드벤처,201,117028,3.0
933,2020-01-01,5,판타지,202,71904,1.8
934,2020-01-01,5,미스터리,264,66050,1.7
935,2020-01-01,5,SF,446,60114,1.5
936,2020-01-01,5,사극,107,44713,1.1
937,2020-01-01,5,다큐멘터리,500,36140,0.9
938,2020-01-01,5,성인물(에로),"1,217",34066,0.9
939,2020-01-01,5,전쟁,189,32942,0.8
940,2020-01-01,5,기타,573,29518,0.8
941,2020-01-01,5,가족,134,27944,0.7
942,2020-01-01,5,뮤지컬,44,6087,0.2
943,2020-01-01,5,서부극(웨스턴),60,2990,0.1
944,2020-01-01,5,공연,20,1111,0.0
945,2020-01-01,4,액션,"2,371",977596,22.1
946,2020-01-01,4,드라마,"4,103",827054,18.7
947,2020-01-01,4,애니메이션,"1,117",694611,15.7
948,2020-01-01,4,코미디,"1,409",549970,12.5
949,2020-01-01,4,스릴러,678,242557,5.5
950,2020-01-01,4,멜로/로맨스,"2,967",232260,5.3
951,2020-01-01,4,범죄,507,171124,3.9
952,2020-01-01,4,공포(호러),"1,071",165643,3.8
953,2020-01-01,4,어드벤처,199,109002,2.5
954,2020-01-01,4,미스터리,264,98565,2.2
955,2020-01-01,4,판타지,197,63377,1.4
956,2020-01-01,4,SF,446,60255,1.4
957,2020-01-01,4,사극,105,55955,1.3
958,2020-01-01,4,성인물(에로),"1,178",36873,0.8
959,2020-01-01,4,전쟁,184,36028,0.8
960,2020-01-01,4,가족,135,31742,0.7
961,2020-01-01,4,다큐멘터리,494,27336,0.6
962,2020-01-01,4,기타,546,25376,0.6
963,2020-01-01,4,뮤지컬,44,6695,0.2
964,2020-01-01,4,서부극(웨스턴),52,2970,0.1
965,2020-01-01,4,공연,18,1311,0.0
